Block_Size,Time (s)
8,0.001011
16,0.000787
32,0.003445
64,0.003499
128,0.004913
