Matrix_Size,Time (s)
256,0.000169
512,0.000895
768,0.001838
1024,0.004833
2048,0.025669
