Threshold_Size,Time (s)
16,0.000576
32,0.003625
64,0.003487
128,0.004985
256,0.005
