Matrix_Size,Time(s)
32,1.7e-05
64,0.00018
128,0.001986
256,0.019546
512,0.19195
1024,1.66171
